{
  "tt_-40": {
    "vbn": 0.6646816,
    "vbcn": 0.8513555,
    "vbp": 0.6310106,
    "vbcp": 0.2109802,
    "isup": 2.03177e-06
  },
  "tt_27": {
    "vbn": 0.6275113,
    "vbcn": 0.8589452,
    "vbp": 0.6904604,
    "vbcp": 0.3377683,
    "isup": 2.16362e-06
  },
  "tt_85": {
    "vbn": 0.596464,
    "vbcn": 0.8597876,
    "vbp": 0.7683131,
    "vbcp": 0.467362,
    "isup": 2.19063e-06
  },
  "ss_-40": {
    "vbn": 0.6931708,
    "vbcn": 0.9076446,
    "vbp": 0.5665825,
    "vbcp": 0.1492869,
    "isup": 2.17596e-06
  },
  "ss_27": {
    "vbn": 0.6537603,
    "vbcn": 0.9196094,
    "vbp": 0.6718828,
    "vbcp": 0.34917,
    "isup": 2.23114e-06
  },
  "ss_85": {
    "vbn": 0.6208017,
    "vbcn": 0.9233979,
    "vbp": 0.7776099,
    "vbcp": 0.5201038,
    "isup": 2.2029e-06
  },
  "ff_-40": {
    "vbn": 0.6363215,
    "vbcn": 0.80135,
    "vbp": 0.6987653,
    "vbcp": 0.2848535,
    "isup": 1.88817e-06
  },
  "ff_27": {
    "vbn": 0.6014468,
    "vbcn": 0.8063417,
    "vbp": 0.7096483,
    "vbcp": 0.3284919,
    "isup": 2.09615e-06
  },
  "ff_85": {
    "vbn": 0.5722317,
    "vbcn": 0.8052713,
    "vbp": 0.7590932,
    "vbcp": 0.4129541,
    "isup": 2.17704e-06
  },
  "sf_-40": {
    "vbn": 0.6249417,
    "vbcn": 0.7884801,
    "vbp": 0.7286928,
    "vbcp": 0.3290905,
    "isup": 1.83219e-06
  },
  "sf_27": {
    "vbn": 0.591622,
    "vbcn": 0.7953177,
    "vbp": 0.7177531,
    "vbcp": 0.3360186,
    "isup": 2.07518e-06
  },
  "sf_85": {
    "vbn": 0.5636444,
    "vbcn": 0.7955834,
    "vbp": 0.75445,
    "vbcp": 0.3995371,
    "isup": 2.18037e-06
  },
  "fs_-40": {
    "vbn": 0.7041324,
    "vbcn": 0.9184546,
    "vbp": 0.5443001,
    "vbcp": 0.1211601,
    "isup": 2.22332e-06
  },
  "fs_27": {
    "vbn": 0.6633544,
    "vbcn": 0.9288168,
    "vbp": 0.6646636,
    "vbcp": 0.3393831,
    "isup": 2.24812e-06
  },
  "fs_85": {
    "vbn": 0.6292453,
    "vbcn": 0.9313565,
    "vbp": 0.7814025,
    "vbcp": 0.5275389,
    "isup": 2.19807e-06
  }
}