{
  "ff_-40": {
    "vbn": 0.6588215000000001,
    "vbcn": 0.82245,
    "vbp": 0.7382653,
    "vbcp": 0.42205349999999997
  },
  "ff_27": {
    "vbn": 0.6239468,
    "vbcn": 0.8274417000000001,
    "vbp": 0.7491483,
    "vbcp": 0.4656919
  },
  "ff_85": {
    "vbn": 0.5947317000000001,
    "vbcn": 0.8263713,
    "vbp": 0.7985932,
    "vbcp": 0.5501541
  },
  "fs_-40": {
    "vbn": 0.7266324000000001,
    "vbcn": 0.9395546,
    "vbp": 0.5838000999999999,
    "vbcp": 0.2583601
  },
  "fs_27": {
    "vbn": 0.6858544000000001,
    "vbcn": 0.9499168,
    "vbp": 0.7041636,
    "vbcp": 0.4765831
  },
  "fs_85": {
    "vbn": 0.6517453000000001,
    "vbcn": 0.9524565,
    "vbp": 0.8209025,
    "vbcp": 0.6647389
  },
  "sf_-40": {
    "vbn": 0.6474417000000001,
    "vbcn": 0.8095801,
    "vbp": 0.7681928,
    "vbcp": 0.4662905
  },
  "sf_27": {
    "vbn": 0.6141220000000001,
    "vbcn": 0.8164177,
    "vbp": 0.7572531,
    "vbcp": 0.4732186
  },
  "sf_85": {
    "vbn": 0.5861444000000001,
    "vbcn": 0.8166834000000001,
    "vbp": 0.7939499999999999,
    "vbcp": 0.5367371
  },
  "ss_-40": {
    "vbn": 0.7156708,
    "vbcn": 0.9287446,
    "vbp": 0.6060825,
    "vbcp": 0.2864869
  },
  "ss_27": {
    "vbn": 0.6762603,
    "vbcn": 0.9407094,
    "vbp": 0.7113828,
    "vbcp": 0.48636999999999997
  },
  "ss_85": {
    "vbn": 0.6433017000000001,
    "vbcn": 0.9444979,
    "vbp": 0.8171099,
    "vbcp": 0.6573038
  },
  "tt_-40": {
    "vbn": 0.6871816000000001,
    "vbcn": 0.8724555,
    "vbp": 0.6705106,
    "vbcp": 0.3481802
  },
  "tt_27": {
    "vbn": 0.6500113000000001,
    "vbcn": 0.8800452,
    "vbp": 0.7299604,
    "vbcp": 0.4749683
  },
  "tt_85": {
    "vbn": 0.6189640000000001,
    "vbcn": 0.8808876,
    "vbp": 0.8078131,
    "vbcp": 0.604562
  }
}