{
  "iunit_nA": 25.022300000000005,
  "max_dnl_lsb": 0.0006114545825144369,
  "max_inl_lsb": 0.008412496053519748,
  "pass_dnl": true,
  "codes": {
    "1": 25.022300000000005,
    "2": 50.0296,
    "3": 75.0369,
    "4": 100.04400000000001,
    "5": 125.051,
    "6": 150.059,
    "7": 175.066,
    "8": 200.073,
    "9": 225.081,
    "10": 250.08800000000002,
    "11": 275.095,
    "12": 300.102,
    "13": 325.11,
    "14": 350.117,
    "15": 375.124
  }
}