corner,temperature_C,vfb_V
TT,-40,1.22588000
TT,27,1.22596000
TT,150,1.22587000
SS,-40,1.22588000
SS,27,1.22596000
SS,150,1.22587000
FF,-40,1.22588000
FF,27,1.22596000
FF,150,1.22587000
SF,-40,1.22588000
SF,27,1.22596000
SF,150,1.22587000
FS,-40,1.22588000
FS,27,1.22596000
FS,150,1.22587000
