{
  "p1": {
    "linearity_max_err_mV": 1.4993346468353541,
    "linearity_max_err_lsb": 0.101571325490018,
    "charge_injection_mV": 5.29202,
    "multi_vbl_sim": 0.44883,
    "multi_vbl_ideal": 0.4472249950960999,
    "multi_err_pct": 0.35888085896344024,
    "ci_full_mV": 5.044479999999999,
    "ci_full_lsb": 0.3417345961352624
  },
  "p3": {
    "winner": "Normal",
    "margin_mV": 19.25699999999997,
    "comp_correct": true,
    "comp_vdiff": -1.79985
  },
  "p4": {
    "n_mc": 200,
    "accuracy_pct": 99.5,
    "ideal_winner": "Normal",
    "vbl_mean": [
      543.1013391063295,
      524.7037967461365,
      515.6917599410045,
      451.6091830989291
    ],
    "vbl_std": [
      0.05080724052632674,
      0.04772114248874247,
      0.052069805888334306,
      0.05128238570031306
    ],
    "enob_class0": 4,
    "enob_class1": 4,
    "enob_class2": 4,
    "enob_class3": 4,
    "mean_enob": 4.0
  },
  "p5": {
    "phi_s_max": 1.826,
    "phi_e_max": 1.87166,
    "phi_r_max": 1.81663
  },
  "p7": {
    "pwr_at_10Hz_uW": 0.0
  },
  "p10": {
    "tt": 0.44883,
    "ss": 0.44831,
    "ff": 0.44916,
    "sf": 0.448816,
    "fs": 0.44833,
    "max_var_pct": 0.11585678319185892
  }
}