{
  "p1": {
    "linearity_max_err_mV": 1.236849221556896,
    "linearity_max_err_lsb": 0.08345608888888954,
    "charge_injection_mV": 4.7934600000000005,
    "multi_vbl_sim": 0.449181,
    "multi_vbl_ideal": 0.44749251497005993,
    "multi_err_pct": 0.37732140168937534,
    "ci_full_mV": 4.55524,
    "ci_full_lsb": 0.3073636686868687
  },
  "p3": {
    "winner": "Normal",
    "margin_mV": 19.26300000000003,
    "comp_correct": true,
    "comp_vdiff": -1.79985
  },
  "p4": {
    "n_mc": 200,
    "accuracy_pct": 99.5,
    "ideal_winner": "Normal",
    "vbl_mean": [
      543.4738156577536,
      524.9376869067362,
      515.8900664502952,
      452.08110288211424
    ],
    "vbl_std": [
      0.05059963085653106,
      0.04745716818829359,
      0.05180202453161425,
      0.05097201610575583
    ],
    "enob_class0": 4,
    "enob_class1": 4,
    "enob_class2": 4,
    "enob_class3": 4,
    "mean_enob": 4.0
  },
  "p5": {
    "phi_s_max": 1.826,
    "phi_e_max": 1.87166,
    "phi_r_max": 1.81663
  },
  "p7": {
    "energy_pj": 0.248801,
    "pwr_avg_uw": 0.497602,
    "pwr_peak_uw": 44.706,
    "pwr_at_10Hz_uW": 2.48801e-06
  },
  "p10": {
    "tt": 0.449181,
    "ss": 0.448709,
    "ff": 0.449482,
    "sf": 0.449165,
    "fs": 0.44873,
    "max_var_pct": 0.10508013473409883
  }
}