{
  "n_mc": 50,
  "accuracy_pct": 100.0,
  "ideal_winner": "Normal",
  "pelgrom_Ac": 0.45,
  "comp_sigma_mV": 3.5355339059327373,
  "class_means_mV": {
    "Normal": 539.4664871794872,
    "Imbalance": 520.1706666666665,
    "Bearing": 511.10117499999996,
    "Looseness": 449.7408
  },
  "class_stds_mV": {
    "Normal": 0.048131695295763464,
    "Imbalance": 0.04443568289708188,
    "Bearing": 0.04079086141527166,
    "Looseness": 0.042639301119975416
  }
}