{
  "power": {
    "e_cap_charging_pJ": 38.88,
    "e_comparator_pJ": 0.036,
    "e_switch_driver_pJ": 0.6819240959999998,
    "e_total_pJ": 39.59792409600001,
    "e_total_fJ": 39597.924096,
    "p_dynamic_uW": 0.0003959792409600001,
    "p_leakage_uW": 0.018000000000000002,
    "p_total_uW": 0.018395979240960002,
    "duty_cycle_ppm": 5.0
  },
  "accuracy": {
    "acc_float32": 100.0,
    "acc_quantized_ideal": 99.0,
    "acc_quantized_ktc": 99.0,
    "acc_analog_mc_mean": 99.0,
    "acc_analog_mc_std": 0.0,
    "acc_analog_mc_worst": 99.0,
    "weights_quantized": [
      [
        4,
        10,
        15,
        3,
        3,
        4,
        15,
        13
      ],
      [
        15,
        6,
        13,
        11,
        6,
        14,
        0,
        8
      ],
      [
        0,
        2,
        15,
        13,
        8,
        6,
        6,
        12
      ],
      [
        5,
        13,
        15,
        3,
        3,
        12,
        6,
        7
      ]
    ],
    "weights_float": [
      [
        -1.968553685640727,
        -2.609939715113196,
        -0.6251483690316529,
        -0.4473054422252013,
        -0.8969351217987693,
        -3.0409507129964903,
        -0.9689026554926172,
        -0.499395833942096
      ],
      [
        3.6826856918672,
        0.3773087624894924,
        -2.9490547882815377,
        -1.8121386631889997,
        -3.240120077508183,
        0.1954089782183755,
        -1.9119262240532053,
        -1.386732367802768
      ],
      [
        -1.2982189533088377,
        -2.064185004395618,
        1.6299639749334744,
        2.0114021066261825,
        3.2505828208392313,
        -0.09428917458976487,
        2.0896753817002436,
        1.946485281701499
      ],
      [
        -0.41591305291763553,
        4.296815957019323,
        1.9442391823797138,
        0.2480419987880149,
        0.8864723784677119,
        2.9398309093678785,
        0.791153497845577,
        -0.060357079956636785
      ]
    ]
  },
  "charge_injection_lsb": 0.008184959999999998,
  "ktc_noise_uV": 35.65648102349159
}