{
  "tb1": {},
  "tb2": {
    "tt": 0.0123823,
    "tt_lsb": 0.0866761,
    "ss": 0.0115195,
    "ss_lsb": 0.0806365,
    "ff": 0.0131032,
    "ff_lsb": 0.09172240000000001,
    "sf": 0.0124017,
    "sf_lsb": 0.0868119,
    "fs": 0.0115891,
    "fs_lsb": 0.0811237
  },
  "tb3": {
    "vdiff_mV": [
      -50.0,
      -45.0,
      -40.0,
      -35.0,
      -30.0,
      -25.0,
      -20.0,
      -15.0,
      -10.0,
      -5.0,
      -5.0,
      -4.5,
      -4.0,
      -3.5,
      -3.0,
      -2.5,
      -2.0,
      -1.5,
      -1.0,
      -0.5,
      0.0,
      0.5,
      1.0,
      1.5,
      2.0,
      2.5,
      3.0,
      3.5,
      4.0,
      4.5,
      5.0,
      5.0,
      10.0,
      15.0,
      20.0,
      25.0,
      30.0,
      35.0,
      40.0,
      45.0,
      50.0
    ],
    "vdiff_out": [
      1.7998,
      1.79795,
      1.79159,
      1.77181,
      1.7282,
      1.66707,
      1.60185,
      1.53712,
      1.4736,
      1.40873,
      1.40873,
      1.40182,
      1.39471,
      1.38735,
      1.3796,
      1.37131,
      1.36217,
      1.35159,
      1.33825,
      1.31783,
      3e-05,
      -1.31783,
      -1.33825,
      -1.35159,
      -1.36217,
      -1.37131,
      -1.3796,
      -1.38735,
      -1.39471,
      -1.40182,
      -1.40873,
      -1.40873,
      -1.4736,
      -1.53712,
      -1.60185,
      -1.66707,
      -1.7282,
      -1.77181,
      -1.79159,
      -1.79795,
      -1.7998
    ],
    "voutp": [
      1.8,
      1.79999,
      1.79997,
      1.79991,
      1.79984,
      1.7998,
      1.79979,
      1.79978,
      1.79976,
      1.79973,
      1.79973,
      1.79973,
      1.79972,
      1.79972,
      1.79971,
      1.7997,
      1.79968,
      1.79967,
      1.79964,
      1.79958,
      1.23737,
      0.481753,
      0.46139,
      0.448076,
      0.437516,
      0.428382,
      0.420106,
      0.412367,
      0.405011,
      0.397914,
      0.391003,
      0.391003,
      0.32616,
      0.262656,
      0.197941,
      0.132738,
      0.0716372,
      0.0280982,
      0.00837595,
      0.00204088,
      0.000202195
    ],
    "voutn": [
      0.000202195,
      0.00204088,
      0.00837595,
      0.0280982,
      0.0716372,
      0.132738,
      0.197941,
      0.262656,
      0.32616,
      0.391003,
      0.391003,
      0.397914,
      0.405011,
      0.412367,
      0.420106,
      0.428382,
      0.437516,
      0.448076,
      0.46139,
      0.481753,
      1.23734,
      1.79958,
      1.79964,
      1.79967,
      1.79968,
      1.7997,
      1.79971,
      1.79972,
      1.79972,
      1.79973,
      1.79973,
      1.79973,
      1.79976,
      1.79978,
      1.79979,
      1.7998,
      1.79984,
      1.79991,
      1.79997,
      1.79999,
      1.8
    ]
  },
  "tb4": {
    "tt": 0.222993,
    "ss": 0.221778,
    "ff": 0.223846,
    "sf": 0.22266,
    "fs": 0.222251
  },
  "tb5": {
    "data_rows": 5220
  }
}