{
  "normal": {
    "envs": {
      "1": 0.9135741927535209,
      "2": 0.9234736408843791,
      "3": 0.9174573347447359,
      "4": 0.9042823381358723,
      "5": 0.9012515688625455
    },
    "class_voltage": 0.44999999999999996,
    "detected": 1,
    "expected": 0,
    "correct": false,
    "majority_class": 1,
    "majority_pct": 37.62376237623762
  },
  "inner_race": {
    "envs": {
      "1": 0.9106216421703303,
      "2": 0.9214864584187186,
      "3": 0.9219909690736149,
      "4": 0.9163555361203135,
      "5": 0.9085500695708693
    },
    "class_voltage": 0.8999999999999999,
    "detected": 2,
    "expected": 1,
    "correct": false,
    "majority_class": 1,
    "majority_pct": 57.42574257425742
  },
  "outer_race": {
    "envs": {
      "1": 0.9105794883116376,
      "2": 0.9220118940961589,
      "3": 0.9231140317503191,
      "4": 0.9134946629165743,
      "5": 0.9061723591817786
    },
    "class_voltage": 0.8999999999999999,
    "detected": 2,
    "expected": 3,
    "correct": false,
    "majority_class": 1,
    "majority_pct": 51.48514851485149
  },
  "ball": {
    "envs": {
      "1": 0.9103668473891015,
      "2": 0.9196271317381318,
      "3": 0.9214499081814185,
      "4": 0.9176630413219415,
      "5": 0.9073358549394376
    },
    "class_voltage": 0.8999999999999999,
    "detected": 2,
    "expected": 2,
    "correct": true,
    "majority_class": 1,
    "majority_pct": 41.584158415841586
  }
}