{
  "normal": {
    "test_case": "normal",
    "expected_class": 0,
    "env1_mean": 0.9043409831444968,
    "env1_std": 0.0025494239375946303,
    "env2_mean": 0.9064191366728989,
    "env2_std": 0.002057081000436089,
    "env3_mean": 0.9032435316812397,
    "env3_std": 0.0007835114953537548,
    "env4_mean": 0.9019319390782525,
    "env4_std": 0.00042592237752391655,
    "env5_mean": 0.9014535350848304,
    "env5_std": 0.00028416957968267466,
    "class_voltage_median": 1.35,
    "class_voltage_mean": 1.3500000000000003,
    "detected_class": 3,
    "correct": false,
    "rms_out_mean": 1.5677578389258089,
    "peak_out_mean": 1.013349102252537,
    "power_uw": -2.710505431213761e-14,
    "power_blocks": {
      "v_vdd_bpf1": -4.669161059513383,
      "v_vdd_bpf2": -4.660679441295023,
      "v_vdd_bpf3": -4.681158447438698,
      "v_vdd_bpf4": -4.688452837990308,
      "v_vdd_bpf5": -4.69090439935744,
      "v_vdd_env1": -21.102465377127285,
      "v_vdd_env2": -21.1281970194936,
      "v_vdd_env3": -21.153490214425243,
      "v_vdd_env4": -21.140092259173933,
      "v_vdd_env5": -21.122244503087742,
      "v_vdd_rms": -8.77733594027673,
      "vdd": 137.81418149917937
    }
  },
  "inner_race": {
    "test_case": "inner_race",
    "expected_class": 1,
    "env1_mean": 0.9043409508178717,
    "env1_std": 0.0025449268160614366,
    "env2_mean": 0.9087981454072595,
    "env2_std": 0.0025327085676571915,
    "env3_mean": 0.9096862721216591,
    "env3_std": 0.004045630071757717,
    "env4_mean": 0.9084980389232515,
    "env4_std": 0.004272417583487937,
    "env5_mean": 0.9063757086691923,
    "env5_std": 0.003924417588959822,
    "class_voltage_median": 0.44999999999999996,
    "class_voltage_mean": 0.45496164908916603,
    "detected_class": 1,
    "correct": true,
    "rms_out_mean": 1.5653084069289933,
    "peak_out_mean": 1.1335872549980912,
    "power_uw": 2.710505431213761e-14,
    "power_blocks": {
      "v_vdd_bpf1": -4.655642971555569,
      "v_vdd_bpf2": -4.635895059739067,
      "v_vdd_bpf3": -4.629746345245592,
      "v_vdd_bpf4": -4.634937416978476,
      "v_vdd_bpf5": -4.653470066816915,
      "v_vdd_env1": -21.121341507276508,
      "v_vdd_env2": -21.137154110678438,
      "v_vdd_env3": -21.152509159603753,
      "v_vdd_env4": -21.15568077707939,
      "v_vdd_env5": -21.15515160112135,
      "v_vdd_rms": -8.828545931619617,
      "vdd": 137.76007494771468
    }
  },
  "outer_race": {
    "test_case": "outer_race",
    "expected_class": 3,
    "env1_mean": 0.9040710072400041,
    "env1_std": 0.002607616638059331,
    "env2_mean": 0.908549850481867,
    "env2_std": 0.0024887141673219735,
    "env3_mean": 0.9093788693246336,
    "env3_std": 0.00470043651598684,
    "env4_mean": 0.9068476487187922,
    "env4_std": 0.004085096822635306,
    "env5_mean": 0.9042438087242642,
    "env5_std": 0.0023507467081551477,
    "class_voltage_median": 0.44999999999999996,
    "class_voltage_mean": 0.5798528713811107,
    "detected_class": 1,
    "correct": false,
    "rms_out_mean": 1.5664446851708624,
    "peak_out_mean": 1.088273545587896,
    "power_uw": 0.0,
    "power_blocks": {
      "v_vdd_bpf1": -4.656966471046394,
      "v_vdd_bpf2": -4.638738029715774,
      "v_vdd_bpf3": -4.637472305601426,
      "v_vdd_bpf4": -4.652605885312296,
      "v_vdd_bpf5": -4.6716120902648575,
      "v_vdd_env1": -21.11803653345434,
      "v_vdd_env2": -21.134272166450152,
      "v_vdd_env3": -21.143274575158472,
      "v_vdd_env4": -21.14612584044909,
      "v_vdd_env5": -21.149513716443785,
      "v_vdd_rms": -8.803217829775777,
      "vdd": 137.75183544367235
    }
  },
  "ball": {
    "test_case": "ball",
    "expected_class": 2,
    "env1_mean": 0.9044244224325606,
    "env1_std": 0.002569510025172157,
    "env2_mean": 0.9079857341475177,
    "env2_std": 0.0022267130497309554,
    "env3_mean": 0.9081114687474435,
    "env3_std": 0.002904442018369587,
    "env4_mean": 0.9076460811822178,
    "env4_std": 0.003300835224813676,
    "env5_mean": 0.9053610582427424,
    "env5_std": 0.0024326856743841748,
    "class_voltage_median": 1.35,
    "class_voltage_mean": 1.1626767653654295,
    "detected_class": 3,
    "correct": false,
    "rms_out_mean": 1.567547298235748,
    "peak_out_mean": 1.0638337732039096,
    "power_uw": -2.710505431213761e-14,
    "power_blocks": {
      "v_vdd_bpf1": -4.656816388094125,
      "v_vdd_bpf2": -4.643450367344607,
      "v_vdd_bpf3": -4.637640352363647,
      "v_vdd_bpf4": -4.6389788044994775,
      "v_vdd_bpf5": -4.661437045946713,
      "v_vdd_env1": -21.114893903664644,
      "v_vdd_env2": -21.13827332009122,
      "v_vdd_env3": -21.158699214316044,
      "v_vdd_env4": -21.162401977437504,
      "v_vdd_env5": -21.16308217539622,
      "v_vdd_rms": -8.78106224312506,
      "vdd": 137.75673579227924
    }
  }
}