{
  "normal": {
    "test_case": "normal",
    "n_points": 71694,
    "env1_mean": 0.9557805170159972,
    "env1_min": 0.9392600652389715,
    "env1_max": 0.974857657707957,
    "env1_std": 0.009126409249964216,
    "env1_final": 0.9614795097502286,
    "env2_mean": 0.9967497441366052,
    "env2_min": 0.968646757882092,
    "env2_max": 1.021112322707555,
    "env2_std": 0.010918379682625113,
    "env2_final": 1.002037086208984,
    "env3_mean": 1.003440580653011,
    "env3_min": 0.9754846715569361,
    "env3_max": 1.0408837948935148,
    "env3_std": 0.013968327438700833,
    "env3_final": 0.9861746544064296,
    "env4_mean": 0.9358330618649633,
    "env4_min": 0.9262792888514637,
    "env4_max": 0.9508657289612436,
    "env4_std": 0.004901977120216524,
    "env4_final": 0.9380304792800175,
    "env5_mean": 0.9182141393758543,
    "env5_min": 0.9136983640785471,
    "env5_max": 0.9266721443411254,
    "env5_std": 0.0029505009757847117,
    "env5_final": 0.9191755974278077,
    "rms_out_mean": 1.5508932537964302,
    "rms_out_median": 1.551545196888233,
    "rms_out_final": 1.4896943513227259,
    "rms_ref_mean": 1.6161648987478552,
    "rms_ref_median": 1.616164898747855,
    "rms_ref_final": 1.6161648987478698,
    "peak_out_mean": 1.184386579692415,
    "peak_out_median": 1.185059680726362,
    "peak_out_final": 1.185293544168991,
    "class_out_mean": 1.3494181974896302,
    "class_out_median": 1.35,
    "class_out_final": 1.35,
    "class_voltage_median": 1.35,
    "detected_class": 3,
    "detected_name": "Outer Race",
    "expected_class": 0,
    "expected_name": "Normal",
    "correct": false,
    "vote_distribution": {
      "Outer Race": "100%"
    },
    "majority_class": 3,
    "majority_name": "Outer Race",
    "majority_pct": 100.0
  },
  "inner_race": {
    "test_case": "inner_race",
    "n_points": 52394,
    "env1_mean": 0.9607540554273895,
    "env1_min": 0.9466231590990345,
    "env1_max": 0.97772064429415,
    "env1_std": 0.006854513700804265,
    "env1_final": 0.9491207716961219,
    "env2_mean": 1.0027998431516845,
    "env2_min": 0.9746021274190588,
    "env2_max": 1.0249134195945877,
    "env2_std": 0.010782001933052045,
    "env2_final": 1.0038943126760524,
    "env3_mean": 1.001371418634287,
    "env3_min": 0.9844520898331419,
    "env3_max": 1.025027923697721,
    "env3_std": 0.007221020498085548,
    "env3_final": 1.0039009497310136,
    "env4_mean": 1.0319313705878168,
    "env4_min": 1.0066534951027204,
    "env4_max": 1.0526227474871512,
    "env4_std": 0.011464322009599574,
    "env4_final": 1.045671607178641,
    "env5_mean": 1.0396401109201507,
    "env5_min": 0.9749644336393019,
    "env5_max": 1.0862398852309527,
    "env5_std": 0.03033995132625031,
    "env5_final": 1.0271117238027745,
    "rms_out_mean": 1.5072612850820435,
    "rms_out_median": 1.5009477430872753,
    "rms_out_final": 1.4683646856135348,
    "rms_ref_mean": 1.6161648983192536,
    "rms_ref_median": 1.616164898745272,
    "rms_ref_final": 1.6161648987478756,
    "peak_out_mean": 1.2212074693482105,
    "peak_out_median": 1.2214559430726677,
    "peak_out_final": 1.2291095012179933,
    "class_out_mean": 0.568981341836515,
    "class_out_median": 0.44999999999999996,
    "class_out_final": 0.44999999999999996,
    "class_voltage_median": 0.44999999999999996,
    "detected_class": 1,
    "detected_name": "Inner Race",
    "expected_class": 1,
    "expected_name": "Inner Race",
    "correct": true,
    "vote_distribution": {
      "Inner Race": "84%",
      "Outer Race": "16%"
    },
    "majority_class": 1,
    "majority_name": "Inner Race",
    "majority_pct": 84.0
  },
  "outer_race": {
    "test_case": "outer_race",
    "n_points": 56551,
    "env1_mean": 0.9675072732332978,
    "env1_min": 0.9467467912220622,
    "env1_max": 0.997780692695348,
    "env1_std": 0.010673645810209105,
    "env1_final": 0.9536048985636999,
    "env2_mean": 1.0051249794571722,
    "env2_min": 0.9748898882772552,
    "env2_max": 1.0487207105560348,
    "env2_std": 0.014670842887052908,
    "env2_final": 0.9982228917770961,
    "env3_mean": 1.0081393780623884,
    "env3_min": 0.9816614502378064,
    "env3_max": 1.0322034059791947,
    "env3_std": 0.011207829859965004,
    "env3_final": 1.0060157347290934,
    "env4_mean": 1.027199735182857,
    "env4_min": 0.9988213719678398,
    "env4_max": 1.0543793424549253,
    "env4_std": 0.01663159224315998,
    "env4_final": 1.0510734486682494,
    "env5_mean": 1.004605070653275,
    "env5_min": 0.9726609816680251,
    "env5_max": 1.0480455321562425,
    "env5_std": 0.016136052302282204,
    "env5_final": 1.0445384724719566,
    "rms_out_mean": 1.5132419323998065,
    "rms_out_median": 1.5097815200972227,
    "rms_out_final": 1.4820188351800914,
    "rms_ref_mean": 1.6161648987473167,
    "rms_ref_median": 1.6161648987478543,
    "rms_ref_final": 1.61616489874787,
    "peak_out_mean": 1.223798814635184,
    "peak_out_median": 1.224616164630417,
    "peak_out_final": 1.2292344001890212,
    "class_out_mean": 1.010277949645424,
    "class_out_median": 1.35,
    "class_out_final": 0.44999999999999996,
    "class_voltage_median": 1.35,
    "detected_class": 3,
    "detected_name": "Outer Race",
    "expected_class": 3,
    "expected_name": "Outer Race",
    "correct": true,
    "vote_distribution": {
      "Outer Race": "58%",
      "Inner Race": "42%"
    },
    "majority_class": 3,
    "majority_name": "Outer Race",
    "majority_pct": 57.99999999999999
  },
  "ball": {
    "test_case": "ball",
    "n_points": 51456,
    "env1_mean": 0.961920054039217,
    "env1_min": 0.9442733767408784,
    "env1_max": 0.9833627826983435,
    "env1_std": 0.009001454335484715,
    "env1_final": 0.952446624144345,
    "env2_mean": 0.9967245686158898,
    "env2_min": 0.9722608234654727,
    "env2_max": 1.0203590563480558,
    "env2_std": 0.009027294175355484,
    "env2_final": 1.0104422858484834,
    "env3_mean": 0.9970485589836903,
    "env3_min": 0.977377946837001,
    "env3_max": 1.022306682128093,
    "env3_std": 0.007511310423690427,
    "env3_final": 0.9973019183409229,
    "env4_mean": 1.0227503078025078,
    "env4_min": 0.9977925463997559,
    "env4_max": 1.05014567904851,
    "env4_std": 0.011318562227651858,
    "env4_final": 1.0033855461838543,
    "env5_mean": 1.0160292655006884,
    "env5_min": 0.9900666159944337,
    "env5_max": 1.0486435626385275,
    "env5_std": 0.013257354073671854,
    "env5_final": 1.0123089338638267,
    "rms_out_mean": 1.5350049073839303,
    "rms_out_median": 1.5368859183126564,
    "rms_out_final": 1.5122923840234537,
    "rms_ref_mean": 1.61616489626011,
    "rms_ref_median": 1.6161648987291606,
    "rms_ref_final": 1.6161648987478665,
    "peak_out_mean": 1.2095083270748943,
    "peak_out_median": 1.2098913999492344,
    "peak_out_final": 1.2165274766527567,
    "class_out_mean": 0.608016701461378,
    "class_out_median": 0.44999999999999996,
    "class_out_final": 0.44999999999999996,
    "class_voltage_median": 0.44999999999999996,
    "detected_class": 1,
    "detected_name": "Inner Race",
    "expected_class": 2,
    "expected_name": "Ball",
    "correct": false,
    "vote_distribution": {
      "Inner Race": "80%",
      "Outer Race": "20%"
    },
    "majority_class": 1,
    "majority_name": "Inner Race",
    "majority_pct": 80.0
  }
}