{
  "normal": {
    "test_case": "normal",
    "n_points": 71749,
    "sim_time_ms": 200.0,
    "env1_mean": 0.9557797429331278,
    "env1_median": 0.9552532469729431,
    "env1_min": 0.9392703137399601,
    "env1_max": 0.9748575972998808,
    "env1_std": 0.009119111377358498,
    "env2_mean": 0.9967562547855899,
    "env2_median": 0.9980584116501436,
    "env2_min": 0.9686467685855976,
    "env2_max": 1.0211119878119623,
    "env2_std": 0.010912860693995736,
    "env3_mean": 1.003431797522893,
    "env3_median": 1.002781934723264,
    "env3_min": 0.9754789161991555,
    "env3_max": 1.040883737924565,
    "env3_std": 0.013956122711911243,
    "env4_mean": 0.9358143714282542,
    "env4_median": 0.9354516325733285,
    "env4_min": 0.9262792926001103,
    "env4_max": 0.9508653928578013,
    "env4_std": 0.004898874274351558,
    "env5_mean": 0.9182168709683103,
    "env5_median": 0.9175694336857846,
    "env5_min": 0.9136953056049318,
    "env5_max": 0.9266721345752609,
    "env5_std": 0.0029577879701022116,
    "rms_out_mean": 1.550936798652667,
    "rms_out_median": 1.5515651920208562,
    "rms_ref_mean": 1.6161648987478552,
    "rms_ref_median": 1.616164898747853,
    "peak_out_mean": 1.1843951514064792,
    "peak_out_median": 1.185067089918656,
    "class_voltage_median": 0.0,
    "class_voltage_final": 0.0,
    "detected_class": 0,
    "detected_name": "Normal",
    "expected_class": 0,
    "expected_name": "Normal",
    "correct": true,
    "votes": {
      "Normal": "46/50 (92%)",
      "Ball": "4/50 (8%)"
    },
    "majority_pct": 92.0,
    "power_blocks_uw": {
      "v_vdd_bpf1": -4.600290793794131,
      "v_vdd_bpf2": -4.565777937908688,
      "v_vdd_bpf3": -4.603020401907786,
      "v_vdd_bpf4": -9.518808654834885,
      "v_vdd_bpf5": -18.83181381697497,
      "v_vdd_rms": -9.109045250788869,
      "vdd": 51.22875685620933
    },
    "total_power_uw": -51.22875685620933
  },
  "inner_race": {
    "test_case": "inner_race",
    "n_points": 92141,
    "sim_time_ms": 200.0,
    "env1_mean": 0.9519756332252187,
    "env1_median": 0.9528068777771546,
    "env1_min": 0.9329671623636014,
    "env1_max": 0.9738175682958067,
    "env1_std": 0.00927231638719993,
    "env2_mean": 0.9949985591210168,
    "env2_median": 0.993623493235033,
    "env2_min": 0.9706575092390181,
    "env2_max": 1.0194511317784813,
    "env2_std": 0.010185443510262022,
    "env3_mean": 1.0062479555624835,
    "env3_median": 1.0060012412650217,
    "env3_min": 0.983410087221083,
    "env3_max": 1.0401435513859185,
    "env3_std": 0.01099539847999959,
    "env4_mean": 1.0305153184017664,
    "env4_median": 1.031218474559278,
    "env4_min": 1.0032273799976195,
    "env4_max": 1.0515660832526539,
    "env4_std": 0.011640901970301695,
    "env5_mean": 1.0258031179121685,
    "env5_median": 1.0292057448121494,
    "env5_min": 0.9693984329973189,
    "env5_max": 1.0853223924708781,
    "env5_std": 0.03534240024163389,
    "rms_out_mean": 1.51254857737259,
    "rms_out_median": 1.5166035749885391,
    "rms_ref_mean": 1.61616489874787,
    "rms_ref_median": 1.6161648987478714,
    "peak_out_mean": 1.2390771262046063,
    "peak_out_median": 1.240004493845625,
    "class_voltage_median": 0.8999999999999999,
    "class_voltage_final": 0.44999999999999996,
    "detected_class": 1,
    "detected_name": "Inner Race",
    "expected_class": 1,
    "expected_name": "Inner Race",
    "correct": true,
    "votes": {
      "Inner Race": "21/50 (42%)",
      "Ball": "10/50 (20%)",
      "Outer Race": "19/50 (38%)"
    },
    "majority_pct": 42.0,
    "power_blocks_uw": {
      "v_vdd_bpf1": -4.600406555250347,
      "v_vdd_bpf2": -4.56191257875051,
      "v_vdd_bpf3": -4.565034171191218,
      "v_vdd_bpf4": -9.378013088187492,
      "v_vdd_bpf5": -18.665287774257038,
      "v_vdd_rms": -9.672796992411977,
      "vdd": 51.44345116004858
    },
    "total_power_uw": -51.44345116004858
  },
  "outer_race": {
    "test_case": "outer_race",
    "n_points": 84523,
    "sim_time_ms": 200.0,
    "env1_mean": 0.9541436077526342,
    "env1_median": 0.9536758273273619,
    "env1_min": 0.9360846943642003,
    "env1_max": 0.9743058744369831,
    "env1_std": 0.009158691958343604,
    "env2_mean": 0.9968195299256517,
    "env2_median": 0.9963483977686187,
    "env2_min": 0.9763266894259918,
    "env2_max": 1.0173855682871134,
    "env2_std": 0.009365355638613158,
    "env3_mean": 1.0099998874461422,
    "env3_median": 1.0095969108854512,
    "env3_min": 0.9856435123784839,
    "env3_max": 1.0423098478134034,
    "env3_std": 0.011185463614263544,
    "env4_mean": 1.026139870117169,
    "env4_median": 1.025890637247064,
    "env4_min": 0.9953265476232673,
    "env4_max": 1.0542547080972025,
    "env4_std": 0.016667354477421664,
    "env5_mean": 1.0059427691977056,
    "env5_median": 1.0051057961365117,
    "env5_min": 0.9732246086790391,
    "env5_max": 1.0497406370006235,
    "env5_std": 0.016879386185547785,
    "rms_out_mean": 1.5178036274150057,
    "rms_out_median": 1.5167230115227317,
    "rms_ref_mean": 1.616164898747862,
    "rms_ref_median": 1.6161648987478616,
    "peak_out_mean": 1.2341841786445396,
    "peak_out_median": 1.2345349488403354,
    "class_voltage_median": 1.35,
    "class_voltage_final": 1.35,
    "detected_class": 3,
    "detected_name": "Outer Race",
    "expected_class": 3,
    "expected_name": "Outer Race",
    "correct": true,
    "votes": {
      "Inner Race": "3/50 (6%)",
      "Ball": "15/50 (30%)",
      "Outer Race": "32/50 (64%)"
    },
    "majority_pct": 64.0,
    "power_blocks_uw": {
      "v_vdd_bpf1": -4.599428445631452,
      "v_vdd_bpf2": -4.559013617936034,
      "v_vdd_bpf3": -4.56463654350236,
      "v_vdd_bpf4": -9.404966442972897,
      "v_vdd_bpf5": -18.702230845300267,
      "v_vdd_rms": -9.630921866733285,
      "vdd": 51.461197762076296
    },
    "total_power_uw": -51.4611977620763
  },
  "ball": {
    "test_case": "ball",
    "n_points": 97149,
    "sim_time_ms": 200.0,
    "env1_mean": 0.9542249792689125,
    "env1_median": 0.9546313136859655,
    "env1_min": 0.9358522366934537,
    "env1_max": 0.972282886983702,
    "env1_std": 0.008814370257509849,
    "env2_mean": 0.9916791869874498,
    "env2_median": 0.9919726060784666,
    "env2_min": 0.9710324495078406,
    "env2_max": 1.0153271222456133,
    "env2_std": 0.010632993573143741,
    "env3_mean": 1.0030985442624267,
    "env3_median": 1.0018688669657951,
    "env3_min": 0.9839874716057985,
    "env3_max": 1.0286351447839175,
    "env3_std": 0.00905307287448253,
    "env4_mean": 1.0212064625176238,
    "env4_median": 1.0231551535016905,
    "env4_min": 0.9982896067806651,
    "env4_max": 1.040983024478905,
    "env4_std": 0.01036108876273675,
    "env5_mean": 1.004264723813243,
    "env5_median": 1.0037469693244816,
    "env5_min": 0.978328241158034,
    "env5_max": 1.0336438481903405,
    "env5_std": 0.011989784647786125,
    "rms_out_mean": 1.5291638010717157,
    "rms_out_median": 1.5298422419290714,
    "rms_ref_mean": 1.6161648987478878,
    "rms_ref_median": 1.6161648987478863,
    "peak_out_mean": 1.227377617291814,
    "peak_out_median": 1.2277382583292145,
    "class_voltage_median": 0.8999999999999999,
    "class_voltage_final": 1.35,
    "detected_class": 2,
    "detected_name": "Ball",
    "expected_class": 2,
    "expected_name": "Ball",
    "correct": true,
    "votes": {
      "Inner Race": "1/50 (2%)",
      "Ball": "27/50 (54%)",
      "Outer Race": "22/50 (44%)"
    },
    "majority_pct": 54.0,
    "power_blocks_uw": {
      "v_vdd_bpf1": -4.601216275320592,
      "v_vdd_bpf2": -4.569117626953063,
      "v_vdd_bpf3": -4.561319844733263,
      "v_vdd_bpf4": -9.361419278771343,
      "v_vdd_bpf5": -18.679797475631865,
      "v_vdd_rms": -9.520537393900184,
      "vdd": 51.29340789531032
    },
    "total_power_uw": -51.29340789531031
  }
}