{
  "vin_pp": 0.09999988428032047,
  "vin_mean": 0.9027389033238089,
  "vpga_pp": 1.6004361341066347,
  "vpga_mean": 0.8897266399679634,
  "pga_gain": 16.004379861283432,
  "bpf1_pp": 0.9990327216707665,
  "bpf1_mean": 0.898711990305795,
  "bpf2_pp": 0.994865765418634,
  "bpf2_mean": 0.8992255649459744,
  "bpf3_pp": 0.9887927843203057,
  "bpf3_mean": 0.8892942292497396,
  "bpf4_pp": 0.9848483679526471,
  "bpf4_mean": 0.903785739698455,
  "bpf5_pp": 0.9837184053230204,
  "bpf5_mean": 0.9222149009078278,
  "env1_final": 0.014570065399732005,
  "env1_mean": 0.010904630067006987,
  "env2_final": 0.014583828610209553,
  "env2_mean": 0.010912242230194755,
  "env3_final": 0.014595338893678568,
  "env3_mean": 0.010920098406046564,
  "env4_final": 0.014594535617583492,
  "env4_mean": 0.010919405829608169,
  "env5_final": 0.014596605180323635,
  "env5_mean": 0.010920978541983132,
  "rms_out_final": 1.2713012207191698,
  "rms_ref_final": 1.615372385606725,
  "peak_out_final": 1.2345546029278769,
  "class_voltage": 1.35,
  "detected_class": 3,
  "power_uw": -137.56707846369846,
  "power_blocks": {
    "v_vdd_bpf1": -4.576101356530413,
    "v_vdd_bpf2": -4.495315068734542,
    "v_vdd_bpf3": -4.4616437857079845,
    "v_vdd_bpf4": -4.465887359828184,
    "v_vdd_bpf5": -4.481285261303274,
    "v_vdd_env1": -20.593497494785343,
    "v_vdd_env2": -20.503204236847324,
    "v_vdd_env3": -20.39601166605944,
    "v_vdd_env4": -20.4530222414486,
    "v_vdd_env5": -20.51075036330292,
    "v_vdd_rms": -12.630359629150458
  }
}