{
  "runs": 100,
  "dnl_max_mean": 0.02423219547000901,
  "dnl_max_std": 0.01218418489428017,
  "dnl_max_3sigma": 0.060784750152849516,
  "inl_max_mean": 0.018676723865809517,
  "inl_max_std": 0.006562785358612799,
  "inl_max_3sigma": 0.03836507994164791,
  "pct_passing_dnl": 100.0,
  "pct_passing_inl": 100.0
}