{
  "enob": 7.930288588681122,
  "sndr_db": 49.50033730386035,
  "sfdr_db": 64.65321734423368,
  "max_dnl_lsb": 0.0625,
  "max_inl_lsb": 0.03125,
  "missing_codes": 0,
  "sample_rate_ksps": 10.0,
  "power_active_uw": 32.808132,
  "power_sleep_uw": 0.00037016694,
  "wakeup_us": -0.0009497445,
  "mc_dnl_3sig": 0.09635886463245644,
  "mc_inl_3sig": 0.13728932203689126,
  "mc_enob_3sig": 7.927610403904378,
  "corners": {
    "TT_27C": {
      "max_dnl": 0.0625,
      "max_inl": 0.03125,
      "enob": 7.92709425824181,
      "sndr": 49.48110743461569,
      "offset": 0.0,
      "temp": 27
    },
    "FF_m40C": {
      "max_dnl": 0.046875,
      "max_inl": 0.09375,
      "enob": 7.934976781227047,
      "sndr": 49.52856022298682,
      "offset": -0.3,
      "temp": -40
    },
    "SS_85C": {
      "max_dnl": 0.0625,
      "max_inl": 0.15625,
      "enob": 7.929280066432804,
      "sndr": 49.494265999925474,
      "offset": 0.5,
      "temp": 85
    },
    "SF_27C": {
      "max_dnl": 0.078125,
      "max_inl": 0.09375,
      "enob": 7.929420911853124,
      "sndr": 49.4951138893558,
      "offset": 0.2,
      "temp": 27
    },
    "FS_27C": {
      "max_dnl": 0.0625,
      "max_inl": 0.078125,
      "enob": 7.931010585715161,
      "sndr": 49.50468372600527,
      "offset": -0.2,
      "temp": 27
    }
  },
  "pass_count": 10,
  "total_count": 10
}